Data,Otwarcie,Najwyzszy,Najnizszy,Zamkniecie
1971-01-31,1.8682,1.869,1.8614,1.8619
1971-02-28,1.8624,1.8647,1.8614,1.8647
1971-03-31,1.8629,1.8633,1.8612,1.8612
1971-04-30,1.8612,1.8678,1.8611,1.8625
1971-05-31,1.8615,1.8615,1.7954,1.8195
1971-06-30,1.8297,1.8297,1.7922,1.7932
1971-07-31,1.794,1.7953,1.774,1.7743
1971-08-31,1.7746,1.7746,1.7361,1.7426
1971-09-30,1.7417,1.7417,1.6977,1.7004
1971-10-31,1.7023,1.7118,1.6998,1.7118
1971-11-30,1.71,1.7169,1.6965,1.6979
1971-12-31,1.6941,1.6941,1.6663,1.6762
1972-01-31,1.6774,1.6785,1.6446,1.6459
1972-02-29,1.6422,1.6425,1.6186,1.6315
1972-03-31,1.631,1.6809,1.6181,1.6245
1972-04-30,1.6242,1.6382,1.6242,1.6307
1972-05-31,1.6299,1.6339,1.6275,1.6285
1972-06-30,1.6284,1.6363,1.6125,1.6155
1972-07-31,1.6154,1.6283,1.6153,1.6278
1972-08-31,1.6287,1.6401,1.6287,1.6363
1972-09-30,1.6356,1.6424,1.633,1.6424
1972-10-31,1.6469,1.6483,1.6392,1.6437
1972-11-30,1.6421,1.6456,1.6375,1.6375
1972-12-31,1.6354,1.643,1.6354,1.6418
1973-01-31,1.6435,1.648,1.6176,1.6176
1973-02-28,1.6153,1.6207,1.4531,1.4531
1973-03-31,1.4465,1.4575,1.4205,1.4575
1973-04-30,1.4634,1.4663,1.4477,1.4553
1973-05-31,1.4551,1.4628,1.3829,1.3829
1973-06-30,1.3737,1.3737,1.2461,1.2461
1973-07-31,1.23,1.2341,1.1601,1.1911
1973-08-31,1.1989,1.2721,1.1989,1.2621
1973-09-30,1.2587,1.2587,1.2249,1.2383
1973-10-31,1.2377,1.2553,1.2279,1.2546
1973-11-30,1.2574,1.3674,1.2543,1.3451
1973-12-31,1.3472,1.387,1.3466,1.387
1974-01-31,1.4142,1.4789,1.4107,1.4107
1974-02-28,1.42,1.42,1.3631,1.3714
1974-03-31,1.3759,1.3759,1.291,1.2987
1974-04-30,1.3047,1.3223,1.2565,1.2589
1974-05-31,1.2599,1.3088,1.2287,1.2936
1974-06-30,1.2886,1.3219,1.2702,1.3064
1974-07-31,1.3138,1.3266,1.2858,1.3196
1974-08-31,1.3201,1.3652,1.3175,1.3651
1974-09-30,1.3652,1.3714,1.3579,1.3612
1974-10-31,1.3566,1.3575,1.314,1.3223
1974-11-30,1.3165,1.3165,1.2501,1.2679
1974-12-31,1.2813,1.2819,1.23,1.2355
1975-01-31,1.2397,1.2397,1.1801,1.1997
1975-02-28,1.2079,1.2208,1.1678,1.1678
1975-03-31,1.1678,1.2071,1.1678,1.2031
1975-04-30,1.1983,1.2297,1.1983,1.22
1975-05-31,1.2194,1.2215,1.1952,1.2018
1975-06-30,1.2,1.2074,1.1946,1.2074
1975-07-31,1.2127,1.3171,1.2127,1.3168
1975-08-31,1.3171,1.3281,1.308,1.3237
1975-09-30,1.3239,1.3699,1.3202,1.3576
1975-10-31,1.3392,1.3494,1.3104,1.3114
1975-11-30,1.3097,1.3462,1.3097,1.3462
1975-12-31,1.3406,1.3533,1.3385,1.3433
1976-01-31,1.3426,1.3426,1.3274,1.3274
1976-02-29,1.3168,1.3209,1.2999,1.3171
1976-03-31,1.3223,1.3229,1.2968,1.3021
1976-04-30,1.2956,1.3054,1.2956,1.3004
1976-05-31,1.2995,1.3295,1.2984,1.3295
1976-06-30,1.3307,1.3307,1.3164,1.3205
1976-07-31,1.3216,1.3237,1.3038,1.3038
1976-08-31,1.3008,1.3061,1.2858,1.2962
1976-09-30,1.2935,1.2939,1.2486,1.2486
1976-10-31,1.2557,1.2611,1.2282,1.2305
1976-11-30,1.2359,1.2422,1.2308,1.2333
1976-12-31,1.2383,1.2383,1.2077,1.2102
1977-01-31,1.2017,1.2464,1.2017,1.2344
1977-02-28,1.2395,1.2422,1.2249,1.2249
1977-03-31,1.2267,1.23,1.2232,1.2258
1977-04-30,1.2267,1.2267,1.207,1.207
1977-05-31,1.2079,1.2166,1.2039,1.2096
1977-06-30,1.2085,1.2111,1.1997,1.2004
1977-07-31,1.2,1.2,1.1521,1.1745
1977-08-31,1.1793,1.1998,1.175,1.1886
1977-09-30,1.189,1.1952,1.1838,1.1838
1977-10-31,1.1751,1.1803,1.1543,1.1543
1977-11-30,1.1484,1.1595,1.1355,1.1395
1977-12-31,1.1351,1.1351,1.0756,1.0756
1978-01-31,1.0616,1.1039,1.0587,1.0829
1978-02-28,1.0847,1.0847,1.0338,1.0338
1978-03-31,1.0358,1.0564,1.0248,1.0248
1978-04-30,1.0294,1.0679,1.0294,1.0634
1978-05-31,1.062,1.094,1.0615,1.072
1978-06-30,1.0722,1.0746,1.0626,1.0626
1978-07-31,1.0606,1.0616,1.045,1.045
1978-08-31,1.0471,1.0471,0.9973,1.0196
1978-09-30,1.0147,1.0283,0.9917,0.9941
1978-10-31,0.9937,0.9937,0.8838,0.8994
1978-11-30,0.9537,0.9907,0.9537,0.9887
1978-12-31,0.9917,0.9917,0.9332,0.9332
1979-01-31,0.9345,0.9604,0.9345,0.9604
1979-02-28,0.9656,0.967,0.9434,0.9497
1979-03-31,0.9511,0.9576,0.9494,0.9576
1979-04-30,0.966,0.9771,0.9651,0.9737
1979-05-31,0.9719,0.9848,0.9719,0.9789
1979-06-30,0.9831,0.9833,0.942,0.942
1979-07-31,0.9443,0.9444,0.9257,0.9402
1979-08-31,0.9379,0.94,0.9346,0.9357
1979-09-30,0.935,0.935,0.893,0.893
1979-10-31,0.8917,0.9292,0.8917,0.9251
1979-11-30,0.9214,0.9214,0.8871,0.8871
1979-12-31,0.8758,0.8992,0.8758,0.885
1980-01-31,0.8786,0.8941,0.8759,0.8941
1980-02-29,0.8943,0.9112,0.8886,0.9112
1980-03-31,0.9142,1.0007,0.9142,1.0007
1980-04-30,1.0058,1.0127,0.9212,0.9229
1980-05-31,0.924,0.935,0.9037,0.9119
1980-06-30,0.9141,0.9141,0.9,0.9045
1980-07-31,0.9033,0.9129,0.8891,0.9129
1980-08-31,0.9195,0.9266,0.9069,0.9188
1980-09-30,0.9117,0.93,0.9106,0.9295
1980-10-31,0.9273,0.9773,0.9224,0.9773
1980-11-30,0.9824,1.0039,0.9706,0.9881
1980-12-31,0.995,1.0351,0.9945,1.0119
1981-01-31,1.0127,1.0932,0.9922,1.0932
1981-02-28,1.0875,1.1383,1.0748,1.0928
1981-03-31,1.1035,1.1037,1.0511,1.0823
1981-04-30,1.0755,1.1348,1.0755,1.1334
1981-05-31,1.1296,1.2031,1.1296,1.1947
1981-06-30,1.1973,1.2378,1.1973,1.2276
1981-07-31,1.2373,1.2697,1.2348,1.2671
1981-08-31,1.2957,1.3182,1.255,1.255
1981-09-30,1.2594,1.2594,1.1434,1.1921
1981-10-31,1.1912,1.1912,1.1232,1.1503
1981-11-30,1.1398,1.1583,1.1309,1.1352
1981-12-31,1.1404,1.1752,1.1373,1.1475
1982-01-31,1.1493,1.1989,1.1493,1.1878
1982-02-28,1.205,1.2301,1.2007,1.2244
1982-03-31,1.2242,1.2396,1.2014,1.2396
1982-04-30,1.2321,1.2432,1.1952,1.1952
1982-05-31,1.1991,1.2037,1.1701,1.2037
1982-06-30,1.2184,1.2784,1.2116,1.261
1982-07-31,1.2663,1.289,1.2285,1.2645
1982-08-31,1.2481,1.2937,1.2399,1.2803
1982-09-30,1.2774,1.304,1.2683,1.2967
1982-10-31,1.295,1.3131,1.2763,1.3127
1982-11-30,1.3087,1.3311,1.264,1.264
1982-12-31,1.2647,1.2707,1.2154,1.2194
1983-01-31,1.2173,1.264,1.1956,1.264
1983-02-28,1.2635,1.2791,1.2245,1.248
1983-03-31,1.2524,1.2524,1.221,1.2466
1983-04-30,1.2445,1.2648,1.2371,1.2648
1983-05-31,1.2621,1.2945,1.2487,1.2945
1983-06-30,1.3066,1.317,1.2931,1.3029
1983-07-31,1.303,1.358,1.303,1.358
1983-08-31,1.3738,1.4023,1.3478,1.3829
1983-09-30,1.3824,1.3824,1.3494,1.3494
1983-10-31,1.3449,1.3493,1.3164,1.3493
1983-11-30,1.3612,1.3922,1.3564,1.3839
1983-12-31,1.3854,1.4238,1.3854,1.3973
1984-01-31,1.4155,1.4561,1.4155,1.4443
1984-02-29,1.4317,1.4317,1.3323,1.3323
1984-03-31,1.3388,1.3572,1.3085,1.3302
1984-04-30,1.3322,1.3955,1.3322,1.3955
1984-05-31,1.3991,1.4262,1.3868,1.4008
1984-06-30,1.3765,1.4376,1.3671,1.4264
1984-07-31,1.4314,1.4902,1.4314,1.4902
1984-08-31,1.4963,1.4963,1.465,1.4815
1984-09-30,1.5025,1.604,1.5025,1.5751
1984-10-31,1.5698,1.6101,1.544,1.5539
1984-11-30,1.5327,1.5947,1.5022,1.5947
1984-12-31,1.5972,1.6178,1.5689,1.6178
1985-01-31,1.6271,1.6374,1.6103,1.6218
1985-02-28,1.6305,1.7704,1.6305,1.7147
1985-03-31,1.7199,1.7598,1.5808,1.5808
1985-04-30,1.5991,1.6295,1.5276,1.5887
1985-05-31,1.6147,1.652,1.5567,1.5686
1985-06-30,1.5604,1.5907,1.5485,1.5532
1985-07-31,1.5599,1.5618,1.4354,1.4354
1985-08-31,1.4474,1.4613,1.4062,1.4414
1985-09-30,1.4634,1.5182,1.3648,1.3737
1985-10-31,1.36,1.3767,1.343,1.343
1985-11-30,1.3343,1.3476,1.2884,1.2884
1985-12-31,1.293,1.3039,1.2546,1.2546
1986-01-31,1.2501,1.2653,1.2199,1.2245
1986-02-28,1.2312,1.2381,1.1394,1.144
1986-03-31,1.1386,1.2025,1.1287,1.2025
1986-04-30,1.2015,1.2289,1.1099,1.1101
1986-05-31,1.1305,1.1921,1.1148,1.1921
1986-06-30,1.1919,1.1919,1.1286,1.1286
1986-07-31,1.1158,1.1225,1.0735,1.0735
1986-08-31,1.0686,1.0717,1.0437,1.0437
1986-09-30,1.0419,1.0728,1.0204,1.0396
1986-10-31,1.0365,1.0568,1.0122,1.0568
1986-11-30,1.0583,1.0591,1.0117,1.0117
1986-12-31,1.0079,1.0355,0.9863,0.9863
1987-01-31,0.9835,0.9902,0.9163,0.9399
1987-02-28,0.9266,0.9516,0.922,0.9371
1987-03-31,0.9396,0.9593,0.924,0.924
1987-04-30,0.9339,0.9432,0.9143,0.9222
1987-05-31,0.9137,0.9353,0.907,0.9353
1987-06-30,0.9404,0.944,0.9184,0.9364
1987-07-31,0.9378,0.9565,0.9378,0.9532
1987-08-31,0.9561,0.973,0.9281,0.9285
1987-09-30,0.9297,0.9449,0.9192,0.9449
1987-10-31,0.947,0.947,0.8862,0.8862
1987-11-30,0.8782,0.8794,0.8411,0.8411
1987-12-31,0.8452,0.857,0.8055,0.8055
1988-01-31,0.8125,0.8612,0.8125,0.8606
1988-02-29,0.8676,0.8786,0.8625,0.8657
1988-03-31,0.8643,0.87,0.8491,0.8491
1988-04-30,0.8492,0.8684,0.8481,0.8587
1988-05-31,0.8607,0.8866,0.86,0.8866
1988-06-30,0.8849,0.9381,0.8796,0.9317
1988-07-31,0.9334,0.9647,0.9314,0.9614
1988-08-31,0.9623,0.9843,0.9522,0.9633
1988-09-30,0.961,0.9658,0.9449,0.9604
1988-10-31,0.9543,0.9563,0.9099,0.9137
1988-11-30,0.9158,0.92,0.8797,0.8902
1988-12-31,0.8884,0.9171,0.8841,0.9093
1989-01-31,0.9046,0.9631,0.9046,0.9631
1989-02-28,0.9557,0.9637,0.932,0.9348
1989-03-31,0.9417,0.9729,0.9417,0.9725
1989-04-30,0.9653,0.9676,0.9469,0.9642
1989-05-31,0.9695,1.0317,0.9673,1.0133
1989-06-30,1.0172,1.0407,0.9951,1.0022
1989-07-31,0.9888,0.9888,0.9528,0.9567
1989-08-31,0.9563,1.0096,0.9493,1.0041
1989-09-30,1.0143,1.0255,0.9602,0.9602
1989-10-31,0.9614,0.983,0.9383,0.9442
1989-11-30,0.9423,0.9555,0.9127,0.9127
1989-12-31,0.914,0.914,0.8653,0.8663
1990-01-31,0.8762,0.8832,0.8557,0.8656
1990-02-28,0.8622,0.87,0.8486,0.87
1990-03-31,0.8793,0.882,0.8629,0.8658
1990-04-30,0.8737,0.8737,0.8576,0.8609
1990-05-31,0.862,0.8712,0.8361,0.8712
1990-06-30,0.8684,0.87,0.8531,0.8541
1990-07-31,0.8499,0.8499,0.814,0.814
1990-08-31,0.8166,0.8179,0.7939,0.8081
1990-09-30,0.8121,0.8163,0.7939,0.8032
1990-10-31,0.7956,0.7974,0.7709,0.7772
1990-11-30,0.7733,0.7733,0.7542,0.7692
1990-12-31,0.7761,0.7925,0.7553,0.7676
1991-01-31,0.764,0.7917,0.7578,0.7578
1991-02-28,0.7525,0.782,0.741,0.782
1991-03-31,0.7881,0.8747,0.7866,0.8705
1991-04-30,0.8636,0.9068,0.8532,0.8804
1991-05-31,0.8746,0.8955,0.8665,0.8918
1991-06-30,0.895,0.9303,0.8917,0.9303
1991-07-31,0.934,0.9412,0.8901,0.895
1991-08-31,0.9014,0.9309,0.876,0.8966
1991-09-30,0.892,0.892,0.8519,0.8519
1991-10-31,0.854,0.8776,0.8526,0.855
1991-11-30,0.852,0.852,0.8105,0.8342
1991-12-31,0.8248,0.8276,0.7746,0.7791
1992-01-31,0.7833,0.8322,0.7772,0.824
1992-02-29,0.8188,0.8479,0.7997,0.8393
1992-03-31,0.842,0.8591,0.842,0.844
1992-04-30,0.846,0.8582,0.8312,0.8476
1992-05-31,0.8417,0.8445,0.8155,0.824
1992-06-30,0.8256,0.8256,0.7779,0.7812
1992-07-31,0.7781,0.7783,0.7491,0.7589
1992-08-31,0.7577,0.7596,0.7184,0.7186
1992-09-30,0.7143,0.7777,0.713,0.7251
1992-10-31,0.7305,0.7906,0.7212,0.7906
1992-11-30,0.805,0.8215,0.8018,0.8171
1992-12-31,0.8106,0.8304,0.7974,0.8304
1993-01-31,0.8394,0.8394,0.8019,0.8248
1993-02-28,0.8379,0.8543,0.8345,0.8492
1993-03-31,0.8483,0.8587,0.83,0.83
1993-04-30,0.8233,0.8332,0.8029,0.8122
1993-05-31,0.8107,0.8354,0.805,0.8101
1993-06-30,0.8169,0.875,0.8169,0.8706
1993-07-31,0.8689,0.9163,0.8665,0.9163
1993-08-31,0.9087,0.9087,0.8755,0.8791
1993-09-30,0.8736,0.8736,0.8383,0.8616
1993-10-31,0.8598,0.8823,0.8437,0.876
1993-11-30,0.8851,0.8933,0.8793,0.8933
1993-12-31,0.8938,0.8979,0.8765,0.8979
1994-01-31,0.8992,0.9031,0.8931,0.8959
1994-02-28,0.8902,0.9056,0.8815,0.8815
1994-03-31,0.8864,0.8874,0.8654,0.8654
1994-04-30,0.878,0.8884,0.8593,0.8593
1994-05-31,0.8527,0.8678,0.8512,0.8544
1994-06-30,0.8536,0.8671,0.8235,0.8281
1994-07-31,0.8328,0.8332,0.7974,0.8288
1994-08-31,0.8252,0.8277,0.8052,0.8262
1994-09-30,0.8237,0.8237,0.8051,0.8109
1994-10-31,0.8121,0.8121,0.7826,0.7889
1994-11-30,0.785,0.8217,0.785,0.8217
1994-12-31,0.8241,0.8305,0.8152,0.8152
1995-01-31,0.8154,0.8228,0.7959,0.8072
1995-02-28,0.8071,0.8147,0.7822,0.7869
1995-03-31,0.7867,0.7883,0.749,0.7511
1995-04-30,0.7536,0.7691,0.7394,0.7549
1995-05-31,0.7574,0.7905,0.744,0.7666
1995-06-30,0.7653,0.7748,0.7488,0.751
1995-07-31,0.751,0.7621,0.741,0.7463
1995-08-31,0.7463,0.7955,0.7396,0.7849
1995-09-30,0.7828,0.7999,0.7636,0.7712
1995-10-31,0.7712,0.7813,0.7571,0.7689
1995-11-30,0.7668,0.7865,0.7642,0.7843
1995-12-31,0.784,0.794,0.7769,0.7831
1996-01-31,0.7835,0.8171,0.7712,0.8107
1996-02-29,0.8107,0.813,0.7857,0.7971
1996-03-31,0.7968,0.8029,0.792,0.7965
1996-04-30,0.7974,0.8173,0.7931,0.8154
1996-05-31,0.8158,0.8207,0.8065,0.8073
1996-06-30,0.8074,0.8137,0.8001,0.8047
1996-07-31,0.8044,0.8078,0.7793,0.7836
1996-08-31,0.7833,0.7952,0.7816,0.7859
1996-09-30,0.7863,0.8019,0.7845,0.8001
1996-10-31,0.7996,0.8059,0.7858,0.7913
1996-11-30,0.7913,0.7983,0.7778,0.7978
1996-12-31,0.7973,0.813,0.7943,0.7979
1997-01-31,0.7986,0.8548,0.7966,0.8481
1997-02-28,0.8498,0.8784,0.847,0.8724
1997-03-31,0.8734,0.8859,0.8564,0.8579
1997-04-30,0.8606,0.891,0.8562,0.8889
1997-05-31,0.887,0.8901,0.8574,0.8768
1997-06-30,0.8822,0.8937,0.8749,0.8879
1997-07-31,0.8885,0.9381,0.8857,0.9321
1997-08-31,0.9342,0.9602,0.9095,0.9197
1997-09-30,0.9219,0.9371,0.8924,0.8993
1997-10-31,0.8999,0.9091,0.8688,0.8753
1997-11-30,0.8772,0.8961,0.8598,0.8909
1997-12-31,0.891,0.9112,0.8903,0.9102
1998-01-31,0.912,0.9346,0.8936,0.9281
1998-02-28,0.9289,0.9321,0.9054,0.9192
1998-03-31,0.9162,0.9333,0.9107,0.9289
1998-04-30,0.9296,0.935,0.9019,0.9079
1998-05-31,0.9072,0.9102,0.8924,0.9071
1998-06-30,0.9054,0.9207,0.8948,0.9135
1998-07-31,0.9132,0.9272,0.8957,0.9017
1998-08-31,0.9013,0.9198,0.8852,0.8852
1998-09-30,0.8911,0.8938,0.8456,0.8482
1998-10-31,0.8491,0.85,0.8063,0.8416
1998-11-30,0.8402,0.873,0.8377,0.8623
1998-12-31,0.8624,0.8642,0.8366,0.8532
1999-01-31,0.8518,0.8822,0.8399,0.88
1999-02-28,0.8782,0.9157,0.8776,0.9072
1999-03-31,0.9106,0.9365,0.9036,0.9289
1999-04-30,0.9284,0.949,0.9189,0.9465
1999-05-31,0.9446,0.9625,0.9224,0.9597
1999-06-30,0.9591,0.9752,0.9471,0.966
1999-07-31,0.9653,0.9897,0.9308,0.9341
1999-08-31,0.9363,0.9625,0.9237,0.9468
1999-09-30,0.9466,0.9725,0.932,0.9362
1999-10-31,0.9367,0.9587,0.9165,0.948
1999-11-30,0.948,0.9966,0.944,0.9912
1999-12-31,0.991,1.0014,0.9709,0.993
2000-01-31,0.995,1.0343,0.9602,1.0317
2000-02-29,1.0308,1.065,0.9912,1.0367
2000-03-31,1.037,1.0553,1.021,1.046
2000-04-30,1.046,1.1078,1.0256,1.0965
2000-05-31,1.0967,1.1308,1.0627,1.0664
2000-06-30,1.0673,1.0775,1.0308,1.0501
2000-07-31,1.0502,1.0884,1.042,1.08
2000-08-31,1.0796,1.1316,1.0763,1.1254
2000-09-30,1.1255,1.1853,1.1064,1.1316
2000-10-31,1.1312,1.2158,1.1291,1.1779
2000-11-30,1.1787,1.1947,1.1369,1.1465
2000-12-31,1.1465,1.1497,1.061,1.0613
2001-01-31,1.0616,1.0978,1.0422,1.0681
2001-02-28,1.0672,1.1095,1.0588,1.0834
2001-03-31,1.0828,1.1416,1.0661,1.1379
2001-04-30,1.1416,1.1489,1.1014,1.125
2001-05-31,1.1244,1.1839,1.1115,1.1809
2001-06-30,1.1827,1.1888,1.1542,1.1765
2001-07-31,1.177,1.1973,1.134,1.1418
2001-08-31,1.1405,1.1443,1.0826,1.0972
2001-09-30,1.1008,1.1331,1.0722,1.0991
2001-10-31,1.0999,1.1274,1.0828,1.1115
2001-11-30,1.1114,1.1429,1.0978,1.1163
2001-12-31,1.1157,1.1434,1.102,1.1233
2002-01-31,1.1251,1.1662,1.1035,1.1652
2002-02-28,1.1644,1.1674,1.1369,1.1509
2002-03-31,1.1517,1.1583,1.1291,1.1478
2002-04-30,1.1476,1.1478,1.1061,1.1115
2002-05-31,1.1111,1.1126,1.0628,1.0724
2002-06-30,1.0727,1.0749,1.0015,1.0089
2002-07-31,1.0082,1.0288,0.9827,1.0233
2002-08-31,1.023,1.0389,1.0089,1.0182
2002-09-30,1.0187,1.0404,1.0014,1.0128
2002-10-31,1.0146,1.0322,1.0084,1.01
2002-11-30,1.0097,1.0117,0.9836,1.0057
2002-12-31,1.0063,1.0142,0.9521,0.9527
2003-01-31,0.954,0.9672,0.917,0.9285
2003-02-28,0.9298,0.9373,0.9151,0.9263
2003-03-31,0.9267,0.9519,0.9024,0.9173
2003-04-30,0.9159,0.9467,0.8937,0.8944
2003-05-31,0.8942,0.8964,0.8383,0.8487
2003-06-30,0.8538,0.8772,0.8387,0.868
2003-07-31,0.868,0.8993,0.8615,0.8904
2003-08-31,0.8904,0.9264,0.8754,0.9107
2003-09-30,0.9103,0.9292,0.8524,0.858
2003-10-31,0.8581,0.8672,0.8435,0.8633
2003-11-30,0.8638,0.8786,0.8325,0.8336
2003-12-31,0.8345,0.8377,0.7909,0.7945
2004-01-31,0.796,0.8108,0.7756,0.8023
2004-02-29,0.8012,0.8083,0.7738,0.8007
2004-03-31,0.8013,0.8297,0.7976,0.8121
2004-04-30,0.812,0.8503,0.8075,0.8345
2004-05-31,0.834,0.8488,0.8137,0.8201
2004-06-30,0.8203,0.8367,0.8098,0.8208
2004-07-31,0.8208,0.834,0.8026,0.8319
2004-08-31,0.8287,0.8355,0.8074,0.821
2004-09-30,0.8212,0.8316,0.8038,0.8047
2004-10-31,0.8046,0.8179,0.7788,0.7817
2004-11-30,0.7804,0.7901,0.7503,0.7528
2004-12-31,0.7527,0.7608,0.7319,0.7374
2005-01-31,0.7375,0.7739,0.7364,0.7665
2005-02-28,0.7667,0.7855,0.7531,0.7567
2005-03-31,0.7569,0.7778,0.742,0.7715
2005-04-30,0.7714,0.7833,0.7621,0.7768
2005-05-31,0.7776,0.8133,0.77,0.8125
2005-06-30,0.8126,0.8342,0.8098,0.827
2005-07-31,0.8269,0.8427,0.8161,0.8241
2005-08-31,0.8249,0.8252,0.801,0.8104
2005-09-30,0.8105,0.8349,0.7944,0.8316
2005-10-31,0.8319,0.8422,0.8195,0.8346
2005-11-30,0.8347,0.859,0.8276,0.8482
2005-12-31,0.8483,0.8576,0.8293,0.8442
2006-01-31,0.8449,0.8467,0.8116,0.8232
2006-02-28,0.8236,0.8457,0.8222,0.8384
2006-03-31,0.8385,0.8432,0.8193,0.8253
2006-04-30,0.8254,0.8311,0.7912,0.7916
2006-05-31,0.7921,0.7966,0.771,0.7804
2006-06-30,0.7803,0.8013,0.7706,0.7819
2006-07-31,0.7821,0.8024,0.7779,0.7833
2006-08-31,0.7834,0.7871,0.773,0.781
2006-09-30,0.7809,0.7918,0.7768,0.7889
2006-10-31,0.7886,0.801,0.7824,0.7835
2006-11-30,0.7834,0.7885,0.7535,0.7553
2006-12-31,0.7555,0.7661,0.7484,0.7579
2007-01-31,0.7572,0.7771,0.7522,0.7679
2007-02-28,0.7678,0.7744,0.7543,0.7562
2007-03-31,0.7561,0.7649,0.7458,0.749
2007-04-30,0.7479,0.7509,0.7313,0.7331
2007-05-31,0.7331,0.7458,0.7315,0.7434
2007-06-30,0.7435,0.754,0.738,0.7389
2007-07-31,0.7384,0.7393,0.7221,0.7312
2007-08-31,0.731,0.7479,0.7228,0.7338
2007-09-30,0.7339,0.738,0.7005,0.7011
2007-10-31,0.7004,0.7136,0.6897,0.6911
2007-11-30,0.691,0.6942,0.6683,0.6835
2007-12-31,0.6827,0.6989,0.6771,0.6853
2008-01-31,0.6851,0.6959,0.6703,0.6735
2008-02-29,0.6734,0.6925,0.6563,0.6589
2008-03-31,0.6578,0.6603,0.6289,0.6345
2008-04-30,0.6345,0.6448,0.6244,0.6402
2008-05-31,0.6403,0.6543,0.6323,0.643
2008-06-30,0.6426,0.6535,0.6312,0.6348
2008-07-31,0.6347,0.6442,0.6235,0.6411
2008-08-31,0.6412,0.6862,0.6398,0.6815
2008-09-30,0.6804,0.7203,0.6727,0.7085
2008-10-31,0.7086,0.811,0.7057,0.7855
2008-11-30,0.7834,0.8072,0.7627,0.788
2008-12-31,0.7879,0.7967,0.6795,0.7158
2009-01-31,0.7142,0.7834,0.713,0.7806
2009-02-28,0.7843,0.7991,0.7639,0.7893
2009-03-31,0.7926,0.8028,0.7281,0.7552
2009-04-30,0.7553,0.7757,0.7363,0.7563
2009-05-31,0.7562,0.7569,0.7059,0.7062
2009-06-30,0.7076,0.7274,0.6975,0.7125
2009-07-31,0.7126,0.723,0.6992,0.7015
2009-08-31,0.7009,0.712,0.6922,0.6978
2009-09-30,0.6977,0.7053,0.6737,0.6832
2009-10-31,0.6831,0.6905,0.664,0.6796
2009-11-30,0.6791,0.6837,0.6604,0.6664
2009-12-31,0.6663,0.7034,0.6606,0.6979
2010-01-31,0.6981,0.7214,0.6859,0.7214
2010-02-28,0.7214,0.7438,0.7131,0.7336
2010-03-31,0.7342,0.7537,0.7238,0.7404
2010-04-30,0.7404,0.7625,0.7305,0.7523
2010-05-31,0.7502,0.8235,0.7502,0.8125
2010-06-30,0.8127,0.842,0.8022,0.8175
2010-07-31,0.8177,0.82,0.763,0.7663
2010-08-31,0.7656,0.7945,0.7501,0.7881
2010-09-30,0.7882,0.7909,0.7309,0.7338
2010-10-31,0.7337,0.7343,0.7064,0.7171
2010-11-30,0.716,0.7711,0.7003,0.7704
2010-12-31,0.7703,0.7709,0.741,0.7471
2011-01-31,0.7495,0.7766,0.7269,0.7304
2011-02-28,0.7303,0.7447,0.7214,0.7242
2011-03-31,0.7241,0.7276,0.7019,0.7055
2011-04-30,0.7056,0.7111,0.672,0.6753
2011-05-31,0.6744,0.7158,0.6693,0.6947
2011-06-30,0.6946,0.7105,0.6805,0.6901
2011-07-31,0.69,0.7226,0.6862,0.6945
2011-08-31,0.6964,0.7115,0.6873,0.6955
2011-09-30,0.6954,0.7483,0.6954,0.7469
2011-10-31,0.7493,0.7607,0.702,0.7224
2011-11-30,0.7224,0.7568,0.7209,0.744
2011-12-31,0.744,0.7777,0.7382,0.7716
2012-01-31,0.7727,0.7921,0.7557,0.764
2012-02-29,0.764,0.7707,0.7415,0.7506
2012-03-31,0.7505,0.769,0.7471,0.7495
2012-04-30,0.7486,0.7695,0.7474,0.7552
2012-05-31,0.7553,0.8104,0.7531,0.8091
2012-06-30,0.8091,0.8138,0.7846,0.7903
2012-07-31,0.7892,0.8305,0.7892,0.8132
2012-08-31,0.8132,0.8242,0.7914,0.7954
2012-09-30,0.795,0.8,0.7594,0.7777
2012-10-31,0.7784,0.7811,0.7612,0.7718
2012-11-30,0.7718,0.7898,0.7677,0.7704
2012-12-31,0.7697,0.7766,0.7515,0.7582
2013-01-31,0.7531,0.7694,0.7357,0.7361
2013-02-28,0.7361,0.7682,0.7294,0.7654
2013-03-31,0.7654,0.7843,0.7615,0.7802
2013-04-30,0.7807,0.7846,0.7576,0.7596
2013-05-31,0.7596,0.7815,0.7552,0.7695
2013-06-30,0.7697,0.7719,0.7455,0.7683
2013-07-31,0.7684,0.784,0.7494,0.7521
2013-08-31,0.7521,0.7591,0.7434,0.7567
2013-09-30,0.7569,0.7631,0.737,0.7396
2013-10-31,0.7396,0.7422,0.723,0.736
2013-11-30,0.736,0.752,0.7342,0.7362
2013-12-31,0.7359,0.7394,0.7199,0.7269
2014-01-31,0.7268,0.7419,0.726,0.7415
2014-02-28,0.7415,0.742,0.7234,0.7245
2014-03-31,0.7254,0.7297,0.716,0.7261
2014-04-30,0.7261,0.7314,0.7192,0.7212
2014-05-31,0.7212,0.7361,0.7147,0.7336
2014-06-30,0.7336,0.7406,0.7301,0.7303
2014-07-31,0.7303,0.7481,0.7299,0.7469
2014-08-31,0.7469,0.7614,0.7438,0.7611
2014-09-30,0.7617,0.7955,0.7599,0.7918
2014-10-31,0.7918,0.8008,0.7761,0.7985
2014-11-30,0.7994,0.8091,0.7938,0.8037
2014-12-31,0.8035,0.8267,0.7957,0.8265
2015-01-31,0.8264,0.9011,0.8262,0.8851
2015-02-28,0.8841,0.8949,0.8672,0.8937
2015-03-31,0.8945,0.9559,0.8898,0.93105
2015-04-30,0.9311,0.9505,0.8876,0.8917
2015-05-31,0.8917,0.9243,0.8721,0.9108
2015-06-30,0.9107,0.9185,0.8744,0.89738
2015-07-31,0.8974,0.9252,0.8917,0.9107
2015-08-31,0.9107,0.9218,0.8539,0.8921
2015-09-30,0.8921,0.9019,0.8726,0.89499
2015-10-31,0.8951,0.9177,0.8699,0.90886
2015-11-30,0.9065,0.94714,0.9048,0.94589
2015-12-31,0.9459,0.94997,0.9042,0.92077
2016-01-31,0.9202,0.93364,0.91038,0.9231
2016-02-29,0.92339,0.92468,0.8791,0.91877
2016-03-31,0.91877,0.92396,0.87628,0.87866
2016-04-30,0.87866,0.89137,0.87224,0.87364
2016-05-31,0.87253,0.90106,0.86099,0.8985
2016-06-30,0.8985,0.91705,0.87553,0.90065
2016-07-31,0.90067,0.91306,0.8931,0.89452
2016-08-31,0.89439,0.90531,0.8798,0.89623
2016-09-30,0.89623,0.89901,0.8829,0.89022
2016-10-31,0.88962,0.92155,0.88939,0.91138
2016-11-30,0.91138,0.95064,0.88525,0.94372
2016-12-31,0.94372,0.96596,0.91964,0.95014
2017-01-31,0.95095,0.96704,0.92496,0.92623
2017-02-28,0.92625,0.95294,0.92349,0.94578
2017-03-31,0.94579,0.95283,0.91698,0.93739
2017-04-30,0.93804,0.94604,0.91317,0.9181
2017-05-31,0.91766,0.92255,0.8875,0.88939
2017-06-30,0.88944,0.89936,0.87372,0.87561
2017-07-31,0.87551,0.88392,0.84421,0.84488
2017-08-31,0.84489,0.85742,0.82855,0.83882
2017-09-30,0.83883,0.85345,0.82697,0.84602
2017-10-31,0.84696,0.86395,0.84177,0.85838
2017-11-30,0.85839,0.86546,0.83608,0.84105
2017-12-31,0.84104,0.85338,0.83157,0.83328
2018-01-31,0.83241,0.83919,0.79771,0.80565
2018-02-28,0.80564,0.82044,0.79649,0.82011
2018-03-31,0.82013,0.8227,0.80152,0.81175
2018-04-30,0.81166,0.82947,0.80557,0.82788
2018-05-31,0.82787,0.86876,0.82753,0.85526
2018-06-30,0.85526,0.86889,0.84385,0.85639
2018-07-31,0.85704,0.86392,0.84813,0.85559
2018-08-31,0.85561,0.88486,0.8523,0.86134
2018-09-30,0.86226,0.86747,0.8464,0.86126
2018-10-31,0.86134,0.88478,0.86038,0.88362
2018-11-30,0.8836,0.89158,0.86958,0.88326
2018-12-31,0.88246,0.8873,0.87068,0.87205
2019-01-31,0.87262,0.88575,0.86432,0.87364
2019-02-28,0.87364,0.89012,0.87044,0.87946
2019-03-31,0.87947,0.89473,0.87352,0.89145
2019-04-30,0.89053,0.89994,0.8831,0.8917
2019-05-31,0.89166,0.90021,0.88773,0.89516
2019-06-30,0.89539,0.89601,0.87627,0.87943
2019-07-31,0.87982,0.90411,0.87943,0.90326
2019-08-31,0.90325,0.91212,0.88894,0.90991
2019-09-30,0.90963,0.91868,0.90012,0.91755
2019-10-31,0.91755,0.91917,0.89455,0.89672
2019-11-30,0.89671,0.91066,0.89482,0.90765
2019-12-31,0.90735,0.90883,0.88976,0.89181
2020-01-31,0.89167,0.9097,0.89089,0.90169
2020-02-29,0.90205,0.92782,0.90165,0.90581
2020-03-31,0.90472,0.94004,0.87006,0.90661
2020-04-30,0.9066,0.9322,0.90601,0.91312
2020-05-31,0.91314,0.92879,0.89727,0.90074
2020-06-30,0.89983,0.90084,0.87553,0.89029
2020-07-31,0.8903,0.89401,0.83979,0.84873
2020-08-31,0.84914,0.85498,0.8357,0.83757
2020-09-30,0.8376,0.86113,0.83263,0.85295
2020-10-31,0.85296,0.85908,0.84173,0.85862
2020-11-30,0.85878,0.86173,0.83312,0.83817
2020-12-31,0.83819,0.83823,0.81235,0.8186
2021-01-31,0.81686,0.82962,0.80977,0.82399
2021-02-28,0.82447,0.83666,0.81681,0.8288
2021-03-31,0.82808,0.85439,0.82557,0.85267
2021-04-30,0.85266,0.85368,0.82305,0.83171
2021-05-31,0.83133,0.83428,0.81523,0.81786
2021-06-30,0.8179,0.84421,0.81605,0.84324
2021-07-31,0.84324,0.85091,0.83974,0.84309
2021-08-31,0.84277,0.85732,0.84036,0.84677
2021-09-30,0.84678,0.86486,0.83974,0.86344
2021-10-31,0.86344,0.8677,0.85528,0.86508
2021-11-30,0.86494,0.89393,0.86084,0.88194
2021-12-31,0.88193,0.8911,0.87825,0.87904
2022-01-31,0.87926,0.89914,0.87087,0.89033
2022-02-28,0.89034,0.90035,0.86996,0.89123
2022-03-31,0.89124,0.92536,0.89024,0.90356
2022-04-30,0.90357,0.95497,0.90284,0.94798
2022-05-31,0.94795,0.96613,0.927033,0.931697
2022-06-30,0.931688,0.965316,0.928194,0.954134
2022-07-31,0.953961,1.00475,0.953961,0.978387
2022-08-31,0.978042,1.01,0.964515,0.994925
2022-09-30,0.994708,1.04863,0.980594,1.02036
2022-10-31,1.02074,1.03803,0.990687,1.01164
2022-11-30,1.01166,1.02765,0.952689,0.960651
2022-12-31,0.960651,0.96213,0.931688,0.934151
2023-01-31,0.934885,0.953825,0.914954,0.920632
2023-02-28,0.920623,0.949379,0.906371,0.945224
2023-03-31,0.945188,0.950733,0.914954,0.922032
2023-04-30,0.922202,0.926912,0.901355,0.907457
2023-05-31,0.907366,0.940247,0.901599,0.935707
2023-06-30,0.935602,0.937901,0.908182,0.916321
2023-07-31,0.916691,0.923028,0.886862,0.909214
2023-08-31,0.909214,0.928858,0.90393,0.922339
2023-09-30,0.922313,0.953434,0.918957,0.945832
2023-10-31,0.946145,0.957047,0.935278,0.945215
2023-11-30,0.945188,0.950769,0.907663,0.918206
2023-12-31,0.918088,0.932435,0.897706,0.905715
2024-01-31,0.905469,0.926329,0.905403,0.924693
2024-02-29,0.924487,0.935007,0.917633,0.925471
2024-03-31,0.925471,0.928643,0.91063,0.926809
2024-04-30,0.926921,0.943244,0.918678,0.937286
2024-05-31,0.937356,0.939002,0.925077,0.929713
